State,District,Cook_PVI_Numeric,Adjusted_2012_Romney,Adjusted_2012_Obama,2016 Trump (Standardized),2016 Clinton (Standardized)
Alabama,1,14,0.6476304136884596,0.35236958631154036,0.6506147540983607,0.3493852459016394
Alabama,2,18,0.6579286196306596,0.34207138036934037,0.6629213483146068,0.33707865168539325
Alabama,3,15,0.6531525026544092,0.34684749734559084,0.6690573770491803,0.33094262295081966
Alabama,4,23,0.7817328887124504,0.2182671112875496,0.8220858895705521,0.17791411042944782
Alabama,5,14,0.6714759427890405,0.32852405721095945,0.6739583333333333,0.3260416666666667
Alabama,6,28,0.7753029888001329,0.22469701119986707,0.7306501547987615,0.2693498452012384
Alabama,7,-17,0.2970026199479935,0.7029973800520065,0.29065040650406504,0.7093495934959348
Arizona,1,3,0.5373620414380565,0.46263795856194345,0.5058324496288441,0.49416755037115584
Arizona,2,2,0.5324795269430916,0.46752047305690836,0.47401908801696707,0.5259809119830329
Arizona,3,-7,0.3999774030745145,0.6000225969254855,0.3424657534246575,0.6575342465753424
Arizona,4,16,0.7086407986522663,0.29135920134773374,0.7111344537815126,0.28886554621848737
Arizona,5,16,0.6729892925100587,0.3270107074899413,0.61211477151966,0.38788522848034007
Arizona,6,10,0.6297416832541817,0.3702583167458183,0.5527426160337553,0.4472573839662447
Arizona,7,-12,0.294426360204043,0.705573639795957,0.23940677966101695,0.760593220338983
Arizona,8,13,0.6503697716215364,0.3496302283784636,0.6109358569926394,0.3890641430073607
Arizona,9,1,0.5013137400978167,0.4986862599021833,0.41245972073039744,0.5875402792696026
Arkansas,1,7,0.6511516566890613,0.3488483433109387,0.6827731092436975,0.3172268907563025
Arkansas,2,5,0.5851704646193129,0.4148295353806871,0.5568544102019128,0.4431455897980872
Arkansas,3,16,0.6989563100122128,0.3010436899877872,0.6699134199134199,0.33008658008658004
Arkansas,4,9,0.6572854932448845,0.3427145067551155,0.6722513089005235,0.32774869109947646
California,1,10,0.6086110741852568,0.39138892581474316,0.6043956043956044,0.3956043956043956
California,2,-19,0.3054449773611171,0.6945550226388829,0.25,0.75
California,3,-1,0.46699971483301034,0.5330002851669897,0.43010752688172044,0.5698924731182796
California,4,10,0.6186424253052896,0.38135757469471043,0.5760869565217391,0.42391304347826086
California,5,-18,0.30712117666949507,0.692878823330505,0.25806451612903225,0.7419354838709677
California,6,-13,0.3147840496444515,0.6852159503555485,0.2608695652173913,0.7391304347826086
California,7,3,0.5042485536846707,0.4957514463153293,0.43956043956043955,0.5604395604395604
California,8,12,0.5962902438152463,0.4037097561847537,0.5789473684210527,0.42105263157894735
California,9,-2,0.4341097696857405,0.5658902303142594,0.40217391304347827,0.5978260869565217
California,10,5,0.505854679683145,0.494145320316855,0.4838709677419355,0.5161290322580645
California,11,-17,0.3314617944775386,0.6685382055224613,0.2391304347826087,0.7608695652173914
California,12,-35,0.15389416728410957,0.8461058327158905,0.09473684210526316,0.9052631578947369
California,13,-37,0.11747685564494478,0.8825231443550552,0.07446808510638298,0.925531914893617
California,14,-23,0.2654190112635923,0.7345809887364076,0.18947368421052632,0.8105263157894737
California,15,-15,0.32919805784540207,0.6708019421545979,0.25806451612903225,0.7419354838709677
California,16,-2,0.4264964197858261,0.5735035802141739,0.3870967741935484,0.6129032258064516
California,17,-18,0.28652392372453683,0.7134760762754632,0.2127659574468085,0.7872340425531915
California,18,-18,0.3222508596666132,0.6777491403333868,0.21505376344086022,0.7849462365591398
California,19,-16,0.2957053069794051,0.7042946930205949,0.23157894736842105,0.7684210526315789
California,20,-19,0.29427208445301933,0.7057279155469807,0.24731182795698925,0.7526881720430108
California,21,3,0.46814650718304124,0.5318534928169587,0.4148936170212766,0.5851063829787234
California,22,12,0.6009435983740914,0.3990564016259086,0.5483870967741935,0.45161290322580644
California,23,18,0.6544618079092818,0.34553819209071823,0.6170212765957447,0.3829787234042553
California,24,-3,0.46796747509799685,0.5320325249020031,0.391304347826087,0.6086956521739131
California,25,6,0.5337756807372076,0.4662243192627924,0.46236559139784944,0.5376344086021505
California,26,-2,0.4719518616247307,0.5280481383752693,0.3804347826086957,0.6195652173913043
California,27,-9,0.38302766884485784,0.6169723311551422,0.2978723404255319,0.7021276595744681
California,28,-19,0.29855488702160315,0.7014451129783968,0.23404255319148937,0.7659574468085106
California,29,-21,0.234912957080586,0.765087042919414,0.17894736842105263,0.8210526315789474
California,30,-13,0.35406336986381115,0.6459366301361888,0.2736842105263158,0.7263157894736842
California,31,-2,0.4396275056981628,0.5603724943018372,0.3894736842105263,0.6105263157894737
California,32,-9,0.3569743519251117,0.6430256480748884,0.29473684210526313,0.7052631578947368
California,33,-12,0.4021262954430967,0.5978737045569034,0.28421052631578947,0.7157894736842105
California,34,-28,0.17005768615998443,0.8299423138400156,0.11578947368421053,0.8842105263157894
California,35,-10,0.3365223534681551,0.6634776465318448,0.28421052631578947,0.7157894736842105
California,36,3,0.5082013023403812,0.4917986976596188,0.45263157894736844,0.5473684210526316
California,37,-33,0.15461753218245664,0.8453824678175433,0.10416666666666667,0.8958333333333334
California,38,-9,0.3613700283843437,0.6386299716156563,0.2872340425531915,0.7127659574468085
California,39,7,0.5431455777858811,0.45685442221411887,0.4574468085106383,0.5425531914893617
California,40,-25,0.19286192830156001,0.80713807169844,0.1368421052631579,0.8631578947368421
California,41,-3,0.3956602255345636,0.6043397744654364,0.35106382978723405,0.648936170212766
California,42,12,0.6017436368105533,0.3982563631894467,0.5638297872340425,0.43617021276595747
California,43,-23,0.22857621401584574,0.7714237859841543,0.17894736842105263,0.8210526315789474
California,44,-29,0.16284656508608056,0.8371534349139195,0.12631578947368421,0.8736842105263158
California,45,8,0.5847318486976177,0.41526815130238226,0.4731182795698925,0.5268817204301075
California,46,-3,0.39526728068641637,0.6047327193135836,0.2978723404255319,0.7021276595744681
California,47,-5,0.4091099659781691,0.5908900340218308,0.3333333333333333,0.6666666666666666
California,48,8,0.584371756388373,0.415628243611627,0.48936170212765956,0.5106382978723404
California,49,5,0.5581479364848354,0.4418520635151646,0.4574468085106383,0.5425531914893617
California,50,14,0.6410727765444912,0.35892722345550876,0.5789473684210527,0.42105263157894735
California,51,-11,0.31832475851611375,0.6816752414838863,0.24210526315789474,0.7578947368421053
California,52,-1,0.4915567744888074,0.5084432255111926,0.3829787234042553,0.6170212765957447
California,53,-7,0.3966827204220892,0.6033172795779108,0.3157894736842105,0.6842105263157895
Colorado,1,-17,0.3191894602342963,0.6808105397657037,0.25,0.75
Colorado,2,-8,0.43001649453121304,0.569983505468787,0.38461538461538464,0.6153846153846154
Colorado,3,4,0.5553954730303052,0.44460452696969477,0.5652173913043478,0.43478260869565216
Colorado,4,12,0.6231437831638488,0.3768562168361512,0.6263736263736264,0.37362637362637363
Colorado,5,15,0.6313514895951804,0.3686485104048196,0.6333333333333333,0.36666666666666664
Colorado,6,1,0.4986940510752054,0.5013059489247946,0.45054945054945056,0.5494505494505495
Colorado,7,-3,0.448326117058727,0.5516738829412731,0.43478260869565216,0.5652173913043478
Connecticut,1,-12,0.3844541364689523,0.6155458635310477,0.37944003343084,0.62055996656916
Connecticut,2,-6,0.45680899184313384,0.5431910081568662,0.4846976596420629,0.515302340357937
Connecticut,3,-9,0.3915319928895792,0.6084680071104208,0.41948888427176395,0.580511115728236
Connecticut,4,-5,0.46873718909313067,0.5312628109068693,0.3803183189430979,0.6196816810569021
Connecticut,5,-2,0.4829122260410524,0.5170877739589477,0.47859231411862996,0.5214076858813701
Florida,1,21,0.7191526145477298,0.28084738545227017,0.7083333333333334,0.2916666666666667
Florida,2,3,0.554120466094837,0.445879533905163,0.6804123711340206,0.31958762886597936
Florida,3,12,0.6457067025749057,0.3542932974250943,0.5833333333333334,0.4166666666666667
Florida,4,19,0.66666678283649,0.33333321716351005,0.6458333333333334,0.3541666666666667
Florida,5,-17,0.30702882793812697,0.692971172061873,0.3711340206185567,0.6288659793814433
Florida,6,6,0.6067347428158623,0.39326525718413774,0.5876288659793815,0.41237113402061853
Florida,7,5,0.5483041051723083,0.4516958948276917,0.4631578947368421,0.5368421052631579
Florida,8,8,0.5981756001620567,0.40182439983794327,0.6041666666666666,0.3958333333333333
Florida,9,-4,0.39978454606273406,0.6002154539372659,0.4329896907216495,0.5670103092783505
Florida,10,7,0.5630027069305649,0.43699729306943513,0.36082474226804123,0.6391752577319587
Florida,11,8,0.6184590545157922,0.3815409454842078,0.6632653061224489,0.336734693877551
Florida,12,6,0.5714027890340728,0.4285972109659272,0.59375,0.40625
Florida,13,1,0.5170530505335854,0.4829469494664146,0.4791666666666667,0.5208333333333334
Florida,14,-11,0.3674902383671275,0.6325097616328725,0.40625,0.59375
Florida,15,8,0.563671610985674,0.436328389014326,0.5520833333333334,0.4479166666666667
Florida,16,5,0.5715083021053188,0.4284916978946812,0.5567010309278351,0.44329896907216493
Florida,17,10,0.6086689858843831,0.3913310141156169,0.6391752577319587,0.36082474226804123
Florida,18,1,0.5454454274546459,0.45455457254535414,0.5463917525773195,0.4536082474226804
Florida,19,11,0.6343979630052966,0.3656020369947034,0.6122448979591837,0.3877551020408163
Florida,20,-28,0.1957675287099703,0.8042324712900297,0.1836734693877551,0.8163265306122449
Florida,21,-12,0.41514314848193984,0.5848568515180601,0.3979591836734694,0.6020408163265306
Florida,22,-5,0.4769162911603879,0.5230837088396121,0.41836734693877553,0.5816326530612245
Florida,23,-10,0.4057823077209333,0.5942176922790667,0.3673469387755102,0.6326530612244898
Florida,24,-33,0.1465730245366234,0.8534269754633765,0.16494845360824742,0.8350515463917526
Florida,25,8,0.5350473451818799,0.4649526548181201,0.5102040816326531,0.4897959183673469
Florida,26,3,0.4905579297790741,0.5094420702209259,0.41836734693877553,0.5816326530612245
Florida,27,5,0.49132875221705585,0.5086712477829441,0.3979591836734694,0.6020408163265306
Georgia,1,9,0.5897119726671323,0.41028802733286773,0.5773195876288659,0.422680412371134
Georgia,2,-4,0.4349573580227442,0.5650426419772558,0.4387755102040816,0.5612244897959183
Georgia,3,19,0.6906554311351668,0.3093445688648332,0.6597938144329897,0.3402061855670103
Georgia,4,-17,0.2825590974918168,0.7174409025081832,0.2268041237113402,0.7731958762886598
Georgia,5,-31,0.1842519119997916,0.8157480880002084,0.12371134020618557,0.8762886597938144
Georgia,6,14,0.6433240979022247,0.35667590209777533,0.5052631578947369,0.49473684210526314
Georgia,7,16,0.6356564281410696,0.3643435718589304,0.53125,0.46875
Georgia,8,15,0.6463289068597071,0.3536710931402929,0.6494845360824743,0.35051546391752575
Georgia,9,27,0.8166681417845201,0.18333185821547993,0.8041237113402062,0.1958762886597938
Georgia,10,13,0.6569368656884225,0.34306313431157753,0.6288659793814433,0.3711340206185567
Georgia,11,19,0.7043726301432723,0.29562736985672766,0.631578947368421,0.3684210526315789
Georgia,12,9,0.5839534951524069,0.4160465048475931,0.5816326530612245,0.41836734693877553
Georgia,13,-10,0.3265810645802021,0.6734189354197979,0.2755102040816326,0.7244897959183674
Georgia,14,23,0.7676678632630992,0.23233213673690079,0.7731958762886598,0.2268041237113402
Hawaii,1,-11,0.31845730421529667,0.6815426957847033,0.32585470085470086,0.6741452991452992
Hawaii,2,-14,0.2964986609140339,0.7035013390859661,0.3252747252747253,0.6747252747252747
Idaho,1,18,0.6929806781701995,0.3070193218298005,0.7149270482603817,0.2850729517396184
Idaho,2,17,0.6843032430231074,0.3156967569768926,0.6465005931198102,0.3534994068801898
Illinois,1,-28,0.2286482258834015,0.7713517741165985,0.2268041237113402,0.7731958762886598
Illinois,2,-27,0.21123246305178986,0.7887675369482101,0.19387755102040816,0.8061224489795918
Illinois,3,-5,0.45903102863808526,0.5409689713619148,0.4148936170212766,0.5851063829787234
Illinois,4,-26,0.19864729675682286,0.8013527032431771,0.13829787234042554,0.8617021276595744
Illinois,5,-16,0.3497169512636126,0.6502830487363874,0.2553191489361702,0.7446808510638298
Illinois,6,5,0.5662078218871215,0.4337921781128785,0.46236559139784944,0.5376344086021505
Illinois,7,-37,0.14357346228390358,0.8564265377160964,0.09375,0.90625
Illinois,8,-6,0.44084767807792735,0.5591523219220726,0.3829787234042553,0.6170212765957447
Illinois,9,-15,0.36318620818138253,0.6368137918186174,0.26595744680851063,0.7340425531914894
Illinois,10,-8,0.44148221566239937,0.5585177843376006,0.34408602150537637,0.6559139784946236
Illinois,11,-6,0.4372510306823051,0.5627489693176949,0.3763440860215054,0.6236559139784946
Illinois,12,-2,0.5162693846732984,0.4837306153267016,0.5789473684210527,0.42105263157894735
Illinois,13,-1,0.526082858850232,0.473917141149768,0.5319148936170213,0.46808510638297873
Illinois,14,6,0.5754195661157832,0.42458043388421685,0.5161290322580645,0.4838709677419355
Illinois,15,11,0.6769435609546212,0.32305643904537884,0.7473684210526316,0.25263157894736843
Illinois,16,4,0.5638582362679446,0.4361417637320554,0.5913978494623656,0.40860215053763443
Illinois,17,-6,0.4382595986708684,0.5617404013291316,0.5,0.5
Illinois,18,10,0.6430954379811813,0.3569045620188187,0.6451612903225806,0.3548387096774194
Indiana,1,-9,0.4037804405634337,0.5962195594365662,0.43157894736842106,0.5684210526315789
Indiana,2,7,0.595545069962133,0.40445493003786703,0.6210526315789474,0.37894736842105264
Indiana,3,13,0.6610988158904717,0.3389011841095283,0.6842105263157895,0.3157894736842105
Indiana,4,13,0.6473078805955211,0.35269211940447887,0.6808510638297872,0.3191489361702128
Indiana,5,11,0.6100342962304016,0.3899657037695984,0.5638297872340425,0.43617021276595747
Indiana,6,12,0.6429573794387234,0.35704262056127656,0.7157894736842105,0.28421052631578947
Indiana,7,-9,0.38429101902181756,0.6157089809781824,0.3829787234042553,0.6170212765957447
Indiana,8,8,0.620228404592015,0.379771595407985,0.6736842105263158,0.3263157894736842
Indiana,9,9,0.608636810850881,0.39136318914911905,0.6421052631578947,0.35789473684210527
Iowa,1,-5,0.4552653703833456,0.5447346296166544,0.5161290322580645,0.4838709677419355
Iowa,2,-4,0.4583151254147536,0.5416848745852464,0.5268817204301075,0.4731182795698925
Iowa,3,1,0.5027422235897392,0.4972577764102608,0.5161290322580645,0.4838709677419355
Iowa,4,4,0.5658403454487188,0.43415965455128125,0.6451612903225806,0.3548387096774194
Kansas,1,22,0.7417035029915956,0.2582964970084044,0.7401986967204358,0.25980130327956413
Kansas,2,7,0.5919431115276929,0.40805688847230714,0.5987124463519313,0.40128755364806873
Kansas,3,5,0.5729145609754247,0.4270854390245753,0.49356223175965663,0.5064377682403434
Kansas,4,14,0.6549961166749646,0.3450038833250354,0.6460613865636402,0.3539386134363597
Kentucky,1,14,0.6986062564896881,0.3013937435103119,0.75,0.25
Kentucky,2,15,0.6673880081635566,0.3326119918364434,0.7083333333333334,0.2916666666666667
Kentucky,3,-3,0.45888004771820917,0.5411199522817909,0.42105263157894735,0.5789473684210527
Kentucky,4,15,0.6698463785321155,0.3301536214678845,0.6914893617021277,0.30851063829787234
Kentucky,5,16,0.7878533599887387,0.21214664001126127,0.8163265306122449,0.1836734693877551
Kentucky,6,7,0.5941148345273415,0.4058851654726585,0.5851063829787234,0.4148936170212766
Louisiana,1,23,0.7495994836245796,0.2504005163754204,0.71875,0.28125
Louisiana,2,-22,0.2557160714793582,0.7442839285206417,0.2268041237113402,0.7731958762886598
Louisiana,3,15,0.69651572817043,0.30348427182957005,0.6979166666666666,0.3020833333333333
Louisiana,4,11,0.6225079606451684,0.37749203935483155,0.6224489795918368,0.37755102040816324
Louisiana,5,14,0.6427796006208425,0.3572203993791575,0.6530612244897959,0.3469387755102041
Louisiana,6,19,0.6987377777749748,0.3012622222250252,0.6770833333333334,0.3229166666666667
Maine,1,-8,0.4134910153923311,0.586508984607669,0.4204704113414241,0.5795295886585758
Maine,2,-3,0.4805159541535778,0.5194840458464223,0.5557844519136941,0.44421554808630603
Maryland,1,14,0.6430512823937123,0.35694871760628766,0.631578947368421,0.3684210526315789
Maryland,2,-7,0.37501004528031023,0.6249899547196898,0.3894736842105263,0.6105263157894737
Maryland,3,-7,0.4059378803318566,0.5940621196681434,0.3368421052631579,0.6631578947368421
Maryland,4,-23,0.22857621401584574,0.7714237859841543,0.20618556701030927,0.7938144329896907
Maryland,5,-11,0.3510251936076824,0.6489748063923175,0.3229166666666667,0.6770833333333334
Maryland,6,-2,0.457484272084434,0.542515727915566,0.42105263157894735,0.5789473684210527
Maryland,7,-23,0.24898437728115186,0.7510156227188481,0.22916666666666666,0.7708333333333334
Maryland,8,-10,0.3956286019813412,0.6043713980186588,0.3263157894736842,0.6736842105263158
Massachusetts,1,-13,0.3733696704394413,0.6266303295605586,0.3895410885805763,0.6104589114194237
Massachusetts,2,-10,0.42478064593164433,0.5752193540683557,0.3956989247311828,0.6043010752688173
Massachusetts,3,-8,0.44567033400721084,0.5543296659927892,0.3782051282051282,0.6217948717948719
Massachusetts,4,-10,0.4435547660780996,0.5564452339219004,0.3716832944173212,0.6283167055826788
Massachusetts,5,-16,0.3614555252195787,0.6385444747804213,0.27052631578947367,0.7294736842105263
Massachusetts,6,-7,0.46949103274674475,0.5305089672532552,0.4050901378579003,0.5949098621420996
Massachusetts,7,-30,0.1839237352873513,0.8160762647126487,0.12395833333333334,0.8760416666666666
Massachusetts,8,-9,0.43866876771582114,0.5613312322841788,0.3628691983122363,0.6371308016877637
Massachusetts,9,-8,0.46166523397729603,0.538334766022704,0.44326617179215266,0.5567338282078473
Michigan,2,7,0.5901511470193501,0.4098488529806499,0.5913978494623656,0.40860215053763443
Michigan,3,5,0.5598481167163198,0.44015188328368016,0.5531914893617021,0.44680851063829785
Michigan,4,4,0.5644945813627845,0.4355054186372155,0.6276595744680851,0.3723404255319149
Michigan,5,-10,0.4083329652011683,0.5916670347988318,0.47368421052631576,0.5263157894736842
Michigan,6,1,0.5295450864132896,0.47045491358671043,0.5425531914893617,0.4574468085106383
Michigan,7,3,0.5396460965142996,0.4603539034857004,0.5894736842105263,0.4105263157894737
Michigan,8,2,0.5396460965142996,0.4603539034857004,0.5368421052631579,0.4631578947368421
Michigan,9,-5,0.44873700560520874,0.5512629943947913,0.4631578947368421,0.5368421052631579
Michigan,10,5,0.5800501369183401,0.41994986308165994,0.6666666666666666,0.3333333333333333
Michigan,11,4,0.5497471066153098,0.4502528933846902,0.5212765957446809,0.4787234042553192
Michigan,12,-14,0.3578279146961178,0.6421720853038821,0.35789473684210527,0.6421052631578947
Michigan,13,-34,0.16590872277692592,0.8340912772230741,0.18556701030927836,0.8144329896907216
Michigan,14,-27,0.20631276318096634,0.7936872368190336,0.18556701030927836,0.8144329896907216
Minnesota,1,1,0.5175906230933767,0.48240937690662333,0.5824175824175825,0.4175824175824176
Minnesota,2,2,0.5241887086058514,0.47581129139414857,0.5054945054945055,0.4945054945054945
Minnesota,3,2,0.5204295407123779,0.4795704592876221,0.45054945054945056,0.5494505494505495
Minnesota,4,-11,0.3868134219424947,0.6131865780575053,0.32967032967032966,0.6703296703296703
Minnesota,5,-22,0.27064842751663065,0.7293515724833693,0.1978021978021978,0.8021978021978022
Minnesota,6,8,0.6007467490665487,0.3992532509334513,0.6413043478260869,0.358695652173913
Minnesota,7,5,0.5741884589138049,0.4258115410861951,0.6630434782608695,0.33695652173913043
Minnesota,8,-3,0.4965125552189936,0.5034874447810064,0.5869565217391305,0.41304347826086957
Mississippi,1,14,0.6502657960891929,0.3497342039108071,0.6701030927835051,0.32989690721649484
Mississippi,2,-10,0.356486533073046,0.643513466926954,0.35353535353535354,0.6464646464646465
Mississippi,3,15,0.6299436227351357,0.3700563772648643,0.6224489795918368,0.37755102040816324
Mississippi,4,20,0.708428211472052,0.29157178852794796,0.711340206185567,0.28865979381443296
Missouri,1,-27,0.2158482312564769,0.7841517687435231,0.19791666666666666,0.8020833333333334
Missouri,2,7,0.6041253381085747,0.3958746618914253,0.5578947368421052,0.4421052631578947
Missouri,3,9,0.6571476425872743,0.3428523574127257,0.7052631578947368,0.29473684210526313
Missouri,4,11,0.6516323181779407,0.34836768182205935,0.6914893617021277,0.30851063829787234
Missouri,5,-10,0.42506449791071854,0.5749355020892815,0.42105263157894735,0.5789473684210527
Missouri,6,9,0.6373648571544086,0.3626351428455914,0.6702127659574468,0.32978723404255317
Missouri,7,17,0.7145865119041532,0.28541348809584677,0.7368421052631579,0.2631578947368421
Missouri,8,13,0.6975636455229807,0.30243635447701933,0.78125,0.21875
Nebraska,1,11,0.6089643554315816,0.39103564456841844,0.6086956521739131,0.391304347826087
Nebraska,2,6,0.5607705833922111,0.4392294166077889,0.5108695652173914,0.4891304347826087
Nebraska,3,23,0.7407617919696177,0.25923820803038233,0.7872340425531915,0.2127659574468085
Nevada,1,-11,0.354971937543935,0.6450280624560649,0.3461701676214725,0.6538298323785274
Nevada,2,5,0.5657433019359677,0.43425669806403233,0.5673936750272628,0.4326063249727372
Nevada,3,0,0.5204237488775413,0.4795762511224587,0.5053134962805526,0.4946865037194474
Nevada,4,-2,0.4698787264616229,0.5301212735383771,0.47368421052631576,0.5263157894736842
New Hampshire,1,0,0.5163476326733806,0.4836523673266194,0.5083869606498576,0.4916130393501425
New Hampshire,2,-3,0.475594206375453,0.524405793624547,0.4873471109236609,0.5126528890763391
New Jersey,1,-12,0.3679289247971279,0.6320710752028721,0.3733195449844881,0.6266804550155118
New Jersey,2,0,0.479040035908239,0.520959964091761,0.5238095238095238,0.4761904761904762
New Jersey,3,2,0.49924205611025924,0.5007579438897407,0.5320910973084886,0.4679089026915114
New Jersey,4,7,0.5699491268173299,0.4300508731826701,0.5764462809917356,0.4235537190082645
New Jersey,6,-6,0.4020456017709477,0.5979543982290523,0.4194214876033058,0.5805785123966942
New Jersey,7,6,0.5598481167163198,0.44015188328368016,0.49427679500520294,0.5057232049947972
New Jersey,8,-20,0.23661579348399664,0.7633842065160034,0.22119341563786007,0.7788065843621399
New Jersey,9,-11,0.33762589449409763,0.6623741055059024,0.3398357289527721,0.6601642710472279
New Jersey,10,-31,0.1444945813627845,0.8555054186372155,0.1306122448979592,0.8693877551020408
New Jersey,11,5,0.5497471066153098,0.4502528933846902,0.5046535677352637,0.49534643226473635
New Jersey,12,-12,0.34772690459510774,0.6522730954048923,0.3285123966942149,0.6714876033057852
New Mexico,1,-5,0.44199589923310606,0.5580041007668939,0.40229885057471265,0.5977011494252874
New Mexico,2,6,0.5597874813834841,0.4402125186165159,0.5555555555555556,0.4444444444444444
New Mexico,3,-7,0.4265114230303175,0.5734885769696825,0.4157303370786517,0.5842696629213483
New York,1,0,0.5217590190527541,0.4782409809472459,0.5625,0.4375
New York,2,1,0.502144257738189,0.49785574226181095,0.5463917525773195,0.4536082474226804
New York,3,-3,0.5116118896380194,0.4883881103619806,0.46875,0.53125
New York,4,-4,0.45610859165853496,0.543891408341465,0.4479166666666667,0.5520833333333334
New York,5,-33,0.1157684028271777,0.8842315971728223,0.1326530612244898,0.8673469387755102
New York,6,-12,0.33860687271331563,0.6613931272866844,0.32989690721649484,0.6701030927835051
New York,7,-31,0.1292671013749438,0.8707328986250562,0.10416666666666667,0.8958333333333334
New York,8,-33,0.12650665379739215,0.8734933462026079,0.13402061855670103,0.865979381443299
New York,9,-31,0.16412331421185633,0.8358766857881437,0.14432989690721648,0.8556701030927835
New York,10,-24,0.27794145889725325,0.7220585411027467,0.1958762886597938,0.8041237113402062
New York,11,4,0.5028609380146244,0.4971390619853756,0.5463917525773195,0.4536082474226804
New York,12,-28,0.24302551705312284,0.7569744829468772,0.1368421052631579,0.8631578947368421
New York,13,-41,0.07046232329826838,0.9295376767017316,0.05154639175257732,0.9484536082474226
New York,14,-23,0.20915194946466445,0.7908480505353356,0.2222222222222222,0.7777777777777778
New York,15,-41,0.05456976933270932,0.9454302306672907,0.050505050505050504,0.9494949494949495
New York,16,-19,0.2818015759203334,0.7181984240796666,0.2268041237113402,0.7731958762886598
New York,17,-5,0.44750539927806104,0.5524946007219389,0.3958333333333333,0.6041666666666666
New York,18,2,0.502786324109792,0.49721367589020804,0.5104166666666666,0.4895833333333333
New York,19,0,0.492494989651036,0.507505010348964,0.5368421052631579,0.4631578947368421
New York,20,-7,0.42041294870972323,0.5795870512902768,0.43010752688172044,0.5698924731182796
New York,21,2,0.4931142538274371,0.5068857461725629,0.5760869565217391,0.42391304347826086
New York,22,3,0.5269435609546212,0.47305643904537875,0.5806451612903226,0.41935483870967744
New York,23,3,0.5306699411668062,0.4693300588331938,0.5806451612903226,0.41935483870967744
New York,24,-3,0.4434548260111026,0.5565451739888974,0.4787234042553192,0.5212765957446809
New York,25,-5,0.4259001629476286,0.5740998370523713,0.4148936170212766,0.5851063829787234
New York,26,-13,0.3737057772915377,0.6262942227084622,0.3958333333333333,0.6041666666666666
New York,27,7,0.5876438989427396,0.4123561010572604,0.6276595744680851,0.3723404255319149
North Carolina,1,-17,0.3047519195212083,0.6952480804787917,0.30927835051546393,0.6907216494845361
North Carolina,2,11,0.603053740703999,0.396946259296001,0.5625,0.4375
North Carolina,3,10,0.6102521571203603,0.3897478428796397,0.625,0.375
North Carolina,4,-17,0.3018114571215866,0.6981885428784134,0.28421052631578947,0.7157894736842105
North Carolina,5,12,0.622086405707619,0.377913594292381,0.59375,0.40625
North Carolina,6,11,0.6068766401566019,0.3931233598433981,0.5773195876288659,0.422680412371134
North Carolina,7,11,0.6222746015444193,0.37772539845558073,0.59375,0.40625
North Carolina,8,12,0.6106040099918981,0.3893959900081019,0.5773195876288659,0.422680412371134
North Carolina,9,10,0.592070338938542,0.407929661061458,0.5625,0.4375
North Carolina,10,11,0.6110048452924033,0.3889951547075967,0.625,0.375
North Carolina,11,12,0.6415783791133165,0.3584216208866835,0.6526315789473685,0.3473684210526316
North Carolina,12,-23,0.23379690694417982,0.7662030930558201,0.2916666666666667,0.7083333333333334
North Carolina,13,9,0.584708766046559,0.41529123395344103,0.5463917525773195,0.4536082474226804
Ohio,1,6,0.5556115487254442,0.44438845127455584,0.53125,0.46875
Ohio,2,9,0.5808404811697147,0.41915951883028535,0.5833333333333334,0.4166666666666667
Ohio,3,-14,0.3177467376286393,0.6822532623713606,0.29473684210526313,0.7052631578947368
Ohio,4,9,0.5958356713811556,0.40416432861884444,0.6736842105263158,0.3263157894736842
Ohio,5,8,0.5744027258820742,0.4255972741179258,0.6344086021505376,0.3655913978494624
Ohio,6,5,0.5885080686418281,0.41149193135817186,0.71875,0.28125
Ohio,7,5,0.5728915591042589,0.42710844089574107,0.6526315789473685,0.3473684210526316
Ohio,8,14,0.6538794313882039,0.3461205686117961,0.6842105263157895,0.3157894736842105
Ohio,9,-15,0.33815034238696656,0.6618496576130335,0.3854166666666667,0.6145833333333334
Ohio,10,2,0.5342028257462347,0.4657971742537653,0.5368421052631579,0.4631578947368421
Ohio,11,-30,0.1911780338756257,0.8088219661243743,0.17346938775510204,0.826530612244898
Ohio,12,8,0.5777661800195465,0.4222338199804535,0.5578947368421052,0.4421052631578947
Ohio,13,-12,0.38456370812907503,0.615436291870925,0.46875,0.53125
Ohio,14,3,0.5413017307483842,0.45869826925161583,0.5578947368421052,0.4421052631578947
Ohio,15,6,0.5526004876764301,0.4473995123235699,0.5789473684210527,0.42105263157894735
Ohio,16,5,0.5658990871472376,0.4341009128527624,0.5894736842105263,0.4105263157894737
Oklahoma,1,16,0.6824945813627844,0.3175054186372156,0.648936170212766,0.35106382978723405
Oklahoma,2,14,0.7024945813627844,0.2975054186372156,0.7604166666666666,0.23958333333333334
Oklahoma,3,24,0.7634945813627846,0.23650541863721541,0.7789473684210526,0.22105263157894736
Oklahoma,4,18,0.6954945813627844,0.3045054186372156,0.7021276595744681,0.2978723404255319
Oklahoma,5,13,0.6165761650460478,0.38342383495395216,0.5698924731182796,0.43010752688172044
Oregon,1,-6,0.4357393136065917,0.5642606863934083,0.375,0.625
Oregon,2,10,0.6086245022179597,0.3913754977820403,0.6111111111111112,0.3888888888888889
Oregon,3,-21,0.279690528007392,0.720309471992608,0.24444444444444444,0.7555555555555555
Oregon,4,-2,0.4895483448036447,0.5104516551963554,0.49945711183496205,0.500542888165038
Oregon,5,0,0.5071790075922927,0.49282099240770727,0.4772727272727273,0.5227272727272727
Pennsylvania,1,-25,0.194842539002724,0.805157460997276,0.1836734693877551,0.8163265306122449
Pennsylvania,2,-39,0.11457107089579578,0.8854289291042042,0.08163265306122448,0.9183673469387755
Pennsylvania,3,5,0.5881032990515832,0.4118967009484168,0.6354166666666666,0.3645833333333333
Pennsylvania,4,9,0.6034152549274021,0.3965847450725979,0.6145833333333334,0.3854166666666667
Pennsylvania,5,6,0.6038435132040866,0.3961564867959134,0.6458333333333334,0.3541666666666667
Pennsylvania,6,1,0.5369071864899504,0.4630928135100496,0.5,0.5
Pennsylvania,7,0,0.5337472863885707,0.4662527136114293,0.4895833333333333,0.5104166666666666
Pennsylvania,8,-1,0.5248489399736987,0.47515106002630125,0.5,0.5
Pennsylvania,9,10,0.661033237761609,0.33896676223839095,0.7216494845360825,0.27835051546391754
Pennsylvania,10,12,0.634315013542961,0.36568498645703895,0.6875,0.3125
Pennsylvania,11,6,0.5718694163379038,0.4281305836620962,0.625,0.375
Pennsylvania,12,6,0.6099123028817719,0.3900876971182281,0.6082474226804123,0.3917525773195876
Pennsylvania,13,-12,0.35665041503254624,0.6433495849674538,0.32989690721649484,0.6701030927835051
Pennsylvania,14,-16,0.3351505683849887,0.6648494316150113,0.31958762886597936,0.6804123711340206
Pennsylvania,15,2,0.5392436943886334,0.4607563056113666,0.5416666666666666,0.4583333333333333
Pennsylvania,16,6,0.5554276442431091,0.4445723557568909,0.5368421052631579,0.4631578947368421
Pennsylvania,17,-4,0.46305905824842925,0.5369409417515707,0.5520833333333334,0.4479166666666667
Pennsylvania,18,6,0.6102030915709915,0.3897969084290085,0.5979381443298969,0.4020618556701031
Rhode Island,1,-14,0.3515603400781011,0.6484396599218989,0.3658280922431865,0.6341719077568134
Rhode Island,2,-8,0.4146912592390711,0.585308740760929,0.46278385197645083,0.5372161480235492
South Carolina,1,11,0.6161654802962533,0.3838345197037467,0.5638297872340425,0.43617021276595747
South Carolina,2,15,0.6244742912136519,0.37552570878634806,0.6,0.4
South Carolina,3,16,0.6798245306013632,0.32017546939863684,0.6979166666666666,0.3020833333333333
South Carolina,4,15,0.6564962078749325,0.34350379212506754,0.6382978723404256,0.3617021276595745
South Carolina,5,9,0.5826388277161071,0.4173611722838929,0.59375,0.40625
South Carolina,6,-18,0.3083329652011683,0.6916670347988316,0.30927835051546393,0.6907216494845361
South Carolina,7,7,0.5756160200372642,0.4243839799627358,0.5979381443298969,0.4020618556701031
Tennessee,1,21,0.7098306302426216,0.2901693697573784,0.7916666666666666,0.20833333333333334
Tennessee,2,16,0.6677872642896137,0.33221273571038634,0.6842105263157895,0.3157894736842105
Tennessee,3,12,0.6881124675416462,0.31188753245835377,0.6161616161616161,0.3838383838383838
Tennessee,4,13,0.4564051504684755,0.5435948495315245,0.7157894736842105,0.28421052631578947
Tennessee,5,-5,0.7253059403891536,0.27469405961084636,0.40425531914893614,0.5957446808510638
Tennessee,6,15,0.690823181768464,0.309176818231536,0.75,0.25
Tennessee,7,13,0.6928464519391242,0.3071535480608758,0.7052631578947368,0.29473684210526313
Tennessee,8,15,0.23518006523375226,0.7648199347662478,0.6804123711340206,0.31958762886597936
Texas,1,21,0.7467168035850067,0.2532831964149933,0.7422680412371134,0.25773195876288657
Texas,2,16,0.6671435613647944,0.33285643863520564,0.5473684210526316,0.45263157894736844
Texas,3,18,0.6772906840726189,0.32270931592738106,0.574468085106383,0.425531914893617
Texas,4,21,0.7734824356137967,0.2265175643862033,0.7731958762886598,0.2268041237113402
Texas,5,15,0.6766684944062628,0.32333150559373725,0.6494845360824743,0.35051546391752575
Texas,6,13,0.6111207211804137,0.3888792788195863,0.5625,0.4375
Texas,7,14,0.632616408773952,0.367383591226048,0.49473684210526314,0.5052631578947369
Texas,8,26,0.8042414168058225,0.1957585831941775,0.75,0.25
Texas,9,-21,0.23661579348399664,0.7633842065160034,0.18556701030927836,0.8144329896907216
Texas,10,11,0.6282527512974251,0.3717472487025749,0.5473684210526316,0.45263157894736844
Texas,11,29,0.8262972955616906,0.17370270443830937,0.8041237113402062,0.1958762886597938
Texas,12,17,0.7029355070631499,0.2970644929368501,0.6526315789473685,0.3473684210526316
Texas,13,29,0.8370579045644055,0.16294209543559446,0.8247422680412371,0.17525773195876287
Texas,14,8,0.6248588063729018,0.3751411936270982,0.6041666666666666,0.3958333333333333
Texas,15,-1,0.44423394897567464,0.5557660510243254,0.4166666666666667,0.5833333333333334
Texas,16,-9,0.3740386543111127,0.6259613456888873,0.2872340425531915,0.7127659574468085
Texas,17,12,0.6401928484371984,0.35980715156280163,0.5957446808510638,0.40425531914893614
Texas,18,-22,0.255038345260096,0.7449616547399041,0.20833333333333334,0.7916666666666666
Texas,19,26,0.7709448856224194,0.22905511437758064,0.7578947368421053,0.24210526315789474
Texas,20,-3,0.42713149819848434,0.5728685018015156,0.3617021276595745,0.6382978723404256
Texas,21,11,0.6367311273009879,0.3632688726990121,0.5531914893617021,0.44680851063829785
Texas,22,15,0.653149847982232,0.34685015201776803,0.5416666666666666,0.4583333333333333
Texas,23,5,0.5378494984004211,0.46215050159957893,0.4842105263157895,0.5157894736842106
Texas,24,14,0.6385350161895649,0.3614649838104351,0.5425531914893617,0.4574468085106383
Texas,25,10,0.637595911966674,0.362404088033326,0.5789473684210527,0.42105263157894735
Texas,26,20,0.712185323987403,0.287814676012597,0.6382978723404256,0.3617021276595745
Texas,27,13,0.6376428795799645,0.36235712042003554,0.625,0.375
Texas,28,-2,0.4154036722718754,0.5845963277281245,0.3958333333333333,0.6041666666666666
Texas,29,-8,0.3580975745875797,0.6419024254124204,0.2604166666666667,0.7395833333333334
Texas,30,-23,0.22241964179791746,0.7775803582020826,0.18556701030927836,0.8144329896907216
Texas,31,13,0.6335501823439783,0.3664498176560217,0.5698924731182796,0.43010752688172044
Texas,32,10,0.603292306789267,0.39670769321073296,0.49473684210526314,0.5052631578947369
Texas,33,-14,0.298093773689892,0.701906226310108,0.24742268041237114,0.7525773195876289
Texas,34,-3,0.41115855795917305,0.588841442040827,0.3917525773195876,0.6082474226804123
Texas,35,-9,0.3792011264821126,0.6207988735178873,0.3191489361702128,0.6808510638297872
Texas,36,20,0.7645046977006702,0.2354953022993298,0.7422680412371134,0.25773195876288657
Utah,1,25,0.8204129487097233,0.17958705129027674,0.6893203883495147,0.31067961165048547
Utah,2,16,0.725525509197836,0.274474490802164,0.5897435897435898,0.41025641025641024
Utah,3,25,0.8224743793425825,0.1775256206574175,0.6695035460992909,0.33049645390070925
Utah,4,14,0.7183721323831926,0.28162786761680736,0.5468531468531469,0.4531468531468531
Virginia,1,8,0.5624885023354289,0.4375114976645711,0.5638297872340425,0.43617021276595747
Virginia,2,5,0.5168957971682556,0.4831042028317444,0.5161290322580645,0.4838709677419355
Virginia,3,-23,0.22651580420260262,0.7734841957973974,0.3368421052631579,0.6631578947368421
Virginia,4,6,0.5314200691799921,0.46857993082000793,0.3894736842105263,0.6105263157894737
Virginia,5,6,0.5583765279237922,0.4416234720762078,0.5578947368421052,0.4421052631578947
Virginia,6,12,0.6230703697656329,0.3769296302343671,0.6276595744680851,0.3723404255319149
Virginia,7,11,0.6016281714702242,0.3983718285297758,0.5319148936170213,0.46808510638297873
Virginia,8,-15,0.33838684543730857,0.6616131545626914,0.22580645161290322,0.7741935483870968
Virginia,9,11,0.6682994394970977,0.3317005605029023,0.7157894736842105,0.28421052631578947
Virginia,10,4,0.5300670231054391,0.4699329768945609,0.44680851063829785,0.5531914893617021
Virginia,11,-7,0.39205229703714656,0.6079477029628535,0.2903225806451613,0.7096774193548387
Washington,1,-3,0.4690531029233594,0.5309468970766407,0.41150250054359644,0.5884974994564036
Washington,2,-8,0.41544108342039765,0.5845589165796024,0.3795509047307608,0.6204490952692391
Washington,3,2,0.5332125300807332,0.4667874699192668,0.5400757166035695,0.45992428339643054
Washington,4,14,0.636174909231637,0.363825090768363,0.6229296622929662,0.3770703377070338
Washington,5,6,0.5749061039965293,0.4250938960034707,0.5713503449786442,0.4286496550213558
Washington,6,-5,0.44792726378827263,0.5520727362117274,0.43237323403789285,0.567626765962107
Washington,7,-28,0.21051719184582665,0.7894828081541734,0.12914855264553068,0.8708514473544693
Washington,8,2,0.51631462226258,0.48368537773742004,0.48349388461954756,0.5165061153804524
Washington,9,-15,0.3268439174199857,0.6731560825800142,0.24880076750879437,0.7511992324912056
Washington,10,-4,0.4464658339295196,0.5535341660704804,0.4377399890290729,0.562260010970927
West Virginia,1,9,0.6608023996190268,0.33919760038097324,0.723404255319149,0.2765957446808511
West Virginia,2,8,0.6369269586211289,0.3630730413788711,0.6947368421052632,0.30526315789473685
West Virginia,3,6,0.6891842224303784,0.31081577756962164,0.7604166666666666,0.23958333333333334
Wisconsin,1,3,0.54573789552163,0.45426210447837,0.5531914893617021,0.44680851063829785
Wisconsin,2,-16,0.3329190447082685,0.6670809552917315,0.30851063829787234,0.6914893617021277
Wisconsin,3,-6,0.4687362683052014,0.5312637316947986,0.5268817204301075,0.4731182795698925
Wisconsin,4,-21,0.26443000664782135,0.7355699933521787,0.23157894736842105,0.7684210526315789
Wisconsin,5,12,0.6434124089420294,0.35658759105797055,0.6063829787234043,0.39361702127659576
Wisconsin,6,5,0.5615634596878578,0.4384365403121422,0.5913978494623656,0.40860215053763443
Wisconsin,7,0,0.5401401509830377,0.4598598490169623,0.6105263157894737,0.3894736842105263
Wisconsin,8,2,0.5432154880618333,0.4567845119381667,0.6063829787234043,0.39361702127659576
